<?xml version="1.0" encoding="UTF-8" ?>
<component name="datadogroku_RumSessionScope" extends="datadogroku_RumScope" xmlns:xsi="http://www.w3.org/2001/XMLSchema-instance" xsi:noNamespaceSchemaLocation="https://devtools.web.roku.com/schema/RokuSceneGraph.xsd">
    <interface>
        <field id="activeView" type="node" />
        <field id="inactivityThresholdMs" type="longinteger" value="900000" />
        <field id="maxDurationMs" type="longinteger" value="14400000" />
        <field id="sessionSampleRate" type="integer" value="100" />
    </interface>
    <script type="text/brightscript" uri="pkg:/components/roku_modules/datadogroku/rum/RumSessionScope.brs" />
    <script type="text/brightscript" uri="pkg:/source/roku_modules/datadogroku/timeUtils.brs" />
    <script type="text/brightscript" uri="pkg:/source/roku_modules/datadogroku/rum/rumSessionState.brs" />
    <script type="text/brightscript" uri="pkg:/source/roku_modules/datadogroku/rum/rumRawEvents.brs" />
</component>
