<?xml version="1.0" encoding="UTF-8" ?>
<component name="datadogroku_RumViewScope" extends="datadogroku_RumScope" xmlns:xsi="http://www.w3.org/2001/XMLSchema-instance" xsi:noNamespaceSchemaLocation="https://devtools.web.roku.com/schema/RokuSceneGraph.xsd">
    <interface>
        <field id="viewName" type="string" />
        <field id="viewUrl" type="string" />
        <field id="activeAction" type="node" />
    </interface>
    <script type="text/brightscript" uri="pkg:/components/roku_modules/datadogroku/rum/RumViewScope.brs" />
    <script type="text/brightscript" uri="pkg:/source/roku_modules/datadogroku/timeUtils.brs" />
    <script type="text/brightscript" uri="pkg:/source/roku_modules/datadogroku/rum/rumSessionState.brs" />
    <script type="text/brightscript" uri="pkg:/source/roku_modules/datadogroku/rum/rumRawEvents.brs" />
    <script type="text/brightscript" uri="pkg:/source/roku_modules/datadogroku/rum/rumHelper.brs" />
    <script type="text/brightscript" uri="pkg:/source/roku_modules/datadogroku/fileUtils.brs" />
    <script type="text/brightscript" uri="pkg:/source/roku_modules/datadogroku/datadogSdk.brs" />
</component>
