<?xml version="1.0" encoding="UTF-8" ?>
<component name="datadogroku_MultiTrackUploaderTask" extends="Task" xmlns:xsi="http://www.w3.org/2001/XMLSchema-instance" xsi:noNamespaceSchemaLocation="https://devtools.web.roku.com/schema/RokuSceneGraph.xsd">
    <interface>
        <field id="tracks" type="assocarray" />
        <field id="waitPeriodMs" type="integer" value="5000" />
        <field id="networkClient" type="node" />
        <field id="clientToken" type="string" />
    </interface>
    <script type="text/brightscript" uri="pkg:/components/roku_modules/datadogroku/core/MultiTrackUploaderTask.brs" />
    <script type="text/brightscript" uri="pkg:/source/roku_modules/datadogroku/timeUtils.brs" />
    <script type="text/brightscript" uri="pkg:/source/roku_modules/datadogroku/internalLogger.brs" />
    <script type="text/brightscript" uri="pkg:/source/roku_modules/datadogroku/fileUtils.brs" />
    <script type="text/brightscript" uri="pkg:/source/roku_modules/datadogroku/datadogSdk.brs" />
    <script type="text/brightscript" uri="pkg:/source/roku_modules/datadogroku/bslib.brs" />
</component>
