<?xml version="1.0" encoding="UTF-8" ?>
<component name="datadogroku_WriterTask" extends="Task" xmlns:xsi="http://www.w3.org/2001/XMLSchema-instance" xsi:noNamespaceSchemaLocation="https://devtools.web.roku.com/schema/RokuSceneGraph.xsd">
    <interface>
        <field id="trackType" type="string" />
        <field id="payloadSeparator" type="string" value="" />
        <field id="maxBatchSize" type="integer" value="16384" />
        <field id="writeEvent" type="string" />
    </interface>
    <script type="text/brightscript" uri="pkg:/components/roku_modules/datadogroku/core/WriterTask.brs" />
    <script type="text/brightscript" uri="pkg:/source/roku_modules/datadogroku/timeUtils.brs" />
    <script type="text/brightscript" uri="pkg:/source/roku_modules/datadogroku/internalLogger.brs" />
    <script type="text/brightscript" uri="pkg:/source/roku_modules/datadogroku/fileUtils.brs" />
    <script type="text/brightscript" uri="pkg:/source/roku_modules/datadogroku/datadogSdk.brs" />
    <script type="text/brightscript" uri="pkg:/source/roku_modules/datadogroku/bslib.brs" />
</component>
