<?xml version="1.0" encoding="UTF-8" ?>
<component name="datadogroku_RumApplicationScope" extends="datadogroku_RumScope" xmlns:xsi="http://www.w3.org/2001/XMLSchema-instance" xsi:noNamespaceSchemaLocation="https://devtools.web.roku.com/schema/RokuSceneGraph.xsd">
    <interface>
        <field id="applicationId" type="string" />
        <field id="service" type="string" />
        <field id="version" type="string" />
        <field id="deviceName" type="string" />
        <field id="deviceModel" type="string" />
        <field id="osVersion" type="string" />
        <field id="osVersionMajor" type="string" />
        <field id="sessionSampleRate" type="integer" value="100" />
        <field id="sessionScope" type="node" />
    </interface>
    <script type="text/brightscript" uri="pkg:/components/roku_modules/datadogroku/rum/RumApplicationScope.brs" />
    <script type="text/brightscript" uri="pkg:/source/roku_modules/datadogroku/bslib.brs" />
</component>
