<?xml version="1.0" encoding="UTF-8" ?>
<component name="datadogroku_RumCrashReporterTask" extends="Task" xmlns:xsi="http://www.w3.org/2001/XMLSchema-instance" xsi:noNamespaceSchemaLocation="https://devtools.web.roku.com/schema/RokuSceneGraph.xsd">
    <interface>
        <field id="lastExitOrTerminationReason" type="string" />
        <field id="instanceId" type="string" />
        <field id="writer" type="node" />
    </interface>
    <script type="text/brightscript" uri="pkg:/components/roku_modules/datadogroku/rum/RumCrashReporterTask.brs" />
    <script type="text/brightscript" uri="pkg:/source/roku_modules/datadogroku/datadogSdk.brs" />
    <script type="text/brightscript" uri="pkg:/source/roku_modules/datadogroku/fileUtils.brs" />
    <script type="text/brightscript" uri="pkg:/source/roku_modules/datadogroku/internalLogger.brs" />
    <script type="text/brightscript" uri="pkg:/source/roku_modules/datadogroku/timeUtils.brs" />
    <script type="text/brightscript" uri="pkg:/source/roku_modules/datadogroku/rum/rumHelper.brs" />
    <script type="text/brightscript" uri="pkg:/source/roku_modules/datadogroku/bslib.brs" />
</component>
