<?xml version="1.0" encoding="UTF-8" ?>
<component name="datadogroku_RumScope" extends="Node" xmlns:xsi="http://www.w3.org/2001/XMLSchema-instance" xsi:noNamespaceSchemaLocation="https://devtools.web.roku.com/schema/RokuSceneGraph.xsd">
    <interface>
        <field id="writer" type="node" />
        <field id="parentScope" type="node" />
        <function name="getRumContext" />
        <function name="handleEvent" />
        <function name="isActive" />
    </interface>
    <script type="text/brightscript" uri="pkg:/components/roku_modules/datadogroku/rum/RumScope.brs" />
    <script type="text/brightscript" uri="pkg:/source/roku_modules/datadogroku/internalLogger.brs" />
    <script type="text/brightscript" uri="pkg:/source/roku_modules/datadogroku/bslib.brs" />
</component>
